stock_code,trade_date,close_price,prev_close,prev_date,pct_chg,gap_days,adjust_factor,coverage_ratio
1225.TW,2024-06-03,92.1,56.5,2024-03-29,0.630088,66,1.630088495575221,0.8257869771453212
1315.TW,2020-10-26,68.9,52.7,2020-10-14,0.3074,12,1.3074003795066411,0.9866321690383786
1315.TW,2021-12-20,86.8,66.4,2021-12-08,0.307229,12,1.3072289156626504,0.9866321690383786
1316.TW,2017-01-24,18.5,11.4,2017-01-11,0.622807,13,1.6228070175438596,0.9931004743423888
1417.TW,2019-09-09,9.26,6.61,2019-08-28,0.400908,12,1.4009077155824508,0.9939629150495904
1418.TW,2017-11-28,11.1,4.6,2017-11-15,1.413043,13,2.4130434782608696,0.8223372143165157
1438.TW,2021-03-29,25.9,12.6,2021-03-18,1.055556,11,2.055555555555556,0.973695558430358
1441.TW,2017-04-26,9.73,7.1,2017-04-13,0.370423,13,1.3704225352112678,0.9939629150495904
1441.TW,2023-08-29,12.6,7.64,2023-08-21,0.649215,8,1.649214659685864,0.9939629150495904
1449.TW,2022-12-12,16.05,12.2,2022-11-30,0.315574,12,1.3155737704918034,0.9922380336351876
1451.TW,2017-10-11,33.35,23.15,2017-09-28,0.440605,13,1.4406047516198706,0.9978438982319966
1460.TW,2021-07-07,14.1,10.45,2021-06-29,0.349282,8,1.349282296650718,0.9978438982319966
1471.TW,2018-01-22,8.72,5.73,2018-01-10,0.521815,12,1.5218150087260034,0.9969814575247952
1472.TW,2017-10-30,40.5,21.05,2017-10-18,0.92399,12,1.9239904988123515,0.9655023717119448
1472.TW,2021-10-18,32.3,10.2,2021-10-06,2.166667,12,3.1666666666666665,0.9655023717119448
1475.TW,2017-11-13,123.0,40.75,2017-11-01,2.018405,12,3.01840490797546,0.9266925398878828
1515.TW,2022-07-01,26.1,39.75,2022-04-29,-0.343396,63,0.6566037735849057,0.9107373868046572
1529.TW,2018-12-24,22.5,2.36,2018-12-12,8.533898,12,9.533898305084746,0.9788702026735662
1538.TW,2018-09-11,5.34,4.01,2018-09-03,0.331671,8,1.3316708229426435,0.9141871496334628
1538.TW,2020-11-16,7.67,3.21,2020-11-06,1.389408,10,2.389408099688473,0.9141871496334628
1538.TW,2023-12-11,18.45,12.4,2023-11-29,0.487903,12,1.4879032258064515,0.9141871496334628
1538.TW,2024-12-31,28.2,17.35,2024-12-18,0.62536,13,1.6253602305475503,0.9141871496334628
1725.TW,2022-01-03,34.25,23.5,2021-04-29,0.457447,249,1.4574468085106382,0.6114704614057783
1742.TWO,2018-03-13,16.75,9.78,2018-03-05,0.712679,8,1.712678936605317,0.9956877964639932
1799.TWO,2022-10-11,15.05,10.5,2022-09-29,0.433333,12,1.4333333333333331,0.9965502371711944
1805.TW,2023-10-11,14.05,10.7,2023-09-26,0.313084,15,1.313084112149533,0.9836136265631736
2006.TW,2021-12-06,59.6,43.6,2021-11-24,0.366972,12,1.3669724770642202,0.9969814575247952
2022.TW,2018-08-27,9.22,6.5,2018-08-15,0.418462,12,1.4184615384615389,0.9939629150495904
2025.TW,2025-02-12,16.65,10.5,2025-02-04,0.585714,8,1.5857142857142856,0.9404915912031048
2109.TW,2021-03-29,17.9,13.7,2021-03-17,0.306569,12,1.3065693430656935,0.9969814575247952
2201.TW,2020-10-19,38.0,23.95,2020-10-06,0.586639,13,1.5866388308977035,0.9965502371711944
2305.TW,2022-07-01,14.45,9.4,2022-04-29,0.537234,63,1.5372340425531914,0.9366106080206986
2321.TW,2018-11-05,4.14,2.3,2018-10-24,0.8,12,1.8,0.9271237602414834
2321.TW,2020-10-19,11.4,3.79,2020-10-06,2.007916,13,3.007915567282322,0.9271237602414834
2321.TW,2023-02-17,19.2,6.38,2023-02-08,2.009404,9,3.0094043887147337,0.9271237602414834
2323.TW,2019-10-01,11.25,8.3,2019-09-18,0.355422,13,1.355421686746988,0.994394135403191
2327.TW,2017-08-18,177.0,120.5,2017-08-04,0.46888,14,1.4688796680497926,0.9883570504527812
2327.TW,2022-10-31,367.0,268.0,2022-10-19,0.369403,12,1.3694029850746268,0.9883570504527812
2329.TW,2018-12-03,11.75,7.35,2018-11-21,0.598639,12,1.598639455782313,0.9969814575247952
2363.TW,2024-07-29,76.3,58.6,2024-07-18,0.302048,11,1.3020477815699658,0.9978438982319966
2373.TW,2017-09-07,81.0,59.2,2017-08-23,0.368243,15,1.3682432432432432,0.9952565761103924
2375.TW,2020-08-17,48.0,34.55,2020-08-05,0.389291,12,1.389290882778582,0.9939629150495904
2406.TW,2019-12-02,11.5,7.55,2019-11-22,0.523179,10,1.52317880794702,0.9978438982319966
2424.TW,2020-12-21,33.35,18.2,2020-12-09,0.832418,12,1.8324175824175823,0.8624407072013799
2430.TW,2022-08-15,43.9,31.9,2022-08-03,0.376176,12,1.3761755485893417,0.9969814575247952
2434.TW,2017-10-02,10.2,6.85,2017-09-19,0.489051,13,1.489051094890511,0.9719706770159552
2438.TW,2021-01-11,10.6,6.67,2020-12-29,0.589205,13,1.5892053973013494,0.9918068132815868
2478.TW,2019-10-07,48.8,35.8,2019-09-25,0.363128,12,1.3631284916201118,0.9974126778783958
2505.TW,2021-01-04,38.05,25.2,2020-12-23,0.509921,12,1.5099206349206349,0.9974126778783958
2534.TW,2024-08-01,30.1,21.8,2024-03-29,0.380734,125,1.3807339449541285,0.8486416558861578
2614.TW,2021-12-01,33.05,17.3,2021-04-29,0.910405,216,1.9104046242774564,0.8564036222509702
2614.TW,2023-08-28,21.35,14.9,2023-08-16,0.432886,12,1.4328859060402686,0.8564036222509702
2705.TW,2019-11-11,15.8,8.9,2019-10-30,0.775281,12,1.7752808988764046,0.9969814575247952
2719.TWO,2019-10-21,7.88,3.87,2019-10-07,1.036176,14,2.036175710594315,0.926261319534282
2719.TWO,2022-08-01,23.25,14.0,2022-07-20,0.660714,12,1.6607142857142858,0.926261319534282
2726.TWO,2023-11-06,31.5,22.0,2023-10-25,0.431818,12,1.431818181818182,0.9918068132815868
2740.TWO,2020-02-24,14.2,8.14,2020-02-12,0.744472,12,1.7444717444717444,0.8003449762828806
2740.TWO,2024-12-06,33.85,25.5,2024-11-29,0.327451,7,1.3274509803921568,0.8003449762828806
2832.TW,2025-11-03,47.35,36.0,2025-10-21,0.315278,13,1.3152777777777778,0.9969814575247952
2911.TW,2024-03-11,8.16,6.23,2024-02-27,0.309791,13,1.3097913322632424,0.9926692539887882
2915.TW,2018-10-29,76.1,54.7,2018-10-17,0.391225,12,1.3912248628884825,0.9969814575247952
3018.TW,2023-06-30,8.11,18.0,2022-04-29,-0.549444,427,0.4505555555555555,0.8063820612332903
3022.TW,2019-09-06,52.5,36.0,2019-08-28,0.458333,9,1.4583333333333333,0.994394135403191
3041.TW,2019-11-04,20.75,12.75,2019-10-23,0.627451,12,1.6274509803921569,0.9939629150495904
3041.TW,2024-11-11,30.0,19.75,2024-10-30,0.518987,12,1.518987341772152,0.9939629150495904
3046.TW,2017-12-11,16.2,5.4,2017-11-29,2.0,12,3.0,0.9926692539887882
3057.TW,2025-10-07,13.85,9.32,2025-09-24,0.486052,13,1.4860515021459226,0.994394135403191
3064.TWO,2024-02-05,32.2,10.65,2024-01-24,2.023474,12,3.023474178403756,0.8546787408365675
3067.TWO,2021-12-17,41.35,28.7,2021-11-29,0.440767,18,1.440766550522648,0.7951703320396722
3073.TWO,2020-01-13,8.83,5.2,2019-12-31,0.698077,13,1.698076923076923,0.8598533850797757
3073.TWO,2021-02-19,21.3,13.4,2020-08-18,0.589552,185,1.5895522388059702,0.8598533850797757
3085.TWO,2020-07-06,7.21,1.98,2020-06-23,2.641414,13,3.641414141414141,0.9210866752910736
3086.TWO,2017-03-30,12.85,7.06,2017-03-20,0.820113,10,1.820113314447592,0.9172056921086676
3086.TWO,2020-01-13,32.2,7.06,2019-12-31,3.560907,13,4.560906515580737,0.9172056921086676
3093.TWO,2022-12-12,27.8,109.5,2022-11-30,-0.746119,12,0.2538812785388128,0.9590340664079344
3149.TW,2023-10-23,18.6,13.15,2023-10-13,0.414449,10,1.414448669201521,0.9978438982319966
3152.TWO,2026-06-30,324.5,208.0,2026-06-22,0.560096,8,1.5600961538461535,0.9978438982319966
3171.TWO,2024-10-07,41.9,26.5,2024-09-25,0.581132,12,1.581132075471698,0.9801638637343684
3191.TWO,2024-02-21,22.95,10.45,2024-02-02,1.196172,19,2.196172248803828,0.9680896938335488
3219.TWO,2019-01-04,15.55,11.0,2018-12-13,0.413636,22,1.4136363636363638,0.7925830099180682
3229.TW,2022-01-10,17.0,6.5,2021-12-28,1.615385,13,2.6153846153846154,0.9926692539887882
3230.TWO,2021-03-24,16.4,8.17,2021-03-16,1.007344,8,2.00734394124847,0.9866321690383786
3259.TWO,2020-10-05,27.8,20.55,2020-09-23,0.352798,12,1.3527980535279804,0.9931004743423888
3259.TWO,2023-08-28,29.15,21.05,2023-08-16,0.384798,12,1.3847980997624705,0.9931004743423888
3288.TWO,2018-12-24,10.15,4.4,2018-12-13,1.306818,11,2.3068181818181817,0.8654592496765847
3288.TWO,2022-09-26,20.4,15.0,2022-09-14,0.36,12,1.36,0.8654592496765847
3308.TW,2022-01-06,16.6,12.1,2021-12-28,0.371901,9,1.371900826446281,0.9771453212591634
3311.TW,2019-09-23,23.3,14.5,2019-09-10,0.606897,13,1.606896551724138,0.9965502371711944
3321.TW,2023-08-31,14.25,6.52,2023-08-23,1.185583,8,2.1855828220858897,0.9926692539887882
3339.TWO,2020-10-19,11.55,5.76,2020-10-07,1.005208,12,2.005208333333333,0.9758516601983612
3372.TWO,2019-10-07,8.4,3.7,2019-09-26,1.27027,11,2.27027027027027,0.9974126778783958
3432.TW,2024-01-22,17.75,10.65,2024-01-10,0.666667,12,1.6666666666666663,0.9948253557567918
3494.TW,2021-11-29,5.16,3.78,2021-11-17,0.365079,12,1.3650793650793651,0.9939629150495904
3494.TW,2024-11-25,15.8,7.88,2024-11-13,1.005076,12,2.00507614213198,0.9939629150495904
3516.TWO,2017-11-13,14.35,11.0,2017-11-01,0.304545,12,1.3045454545454545,0.9853385079775764
3520.TWO,2019-01-02,10.55,5.53,2018-12-20,0.907776,13,1.9077757685352623,0.9969814575247952
3522.TWO,2022-08-26,14.05,9.33,2022-08-17,0.505895,9,1.5058949624866025,0.9969814575247952
3523.TWO,2018-09-03,12.05,6.3,2018-08-22,0.912698,12,1.9126984126984128,0.9478223372143164
3523.TWO,2021-11-29,13.3,7.34,2021-11-17,0.811989,12,1.811989100817439,0.9478223372143164
3526.TWO,2021-03-29,168.0,127.0,2021-03-17,0.322835,12,1.3228346456692914,0.9969814575247952
3532.TW,2018-09-25,163.0,79.3,2018-09-12,1.055485,13,2.055485498108449,0.9969814575247952
3545.TW,2020-10-26,47.0,33.5,2020-10-14,0.402985,12,1.4029850746268655,0.9965502371711944
3555.TWO,2021-10-06,42.5,30.1,2021-09-28,0.41196,8,1.4119601328903657,0.9409228115567054
3557.TW,2017-10-16,13.2,6.63,2017-09-29,0.99095,17,1.990950226244344,0.9935316946959896
3557.TW,2020-01-20,50.0,38.05,2020-01-08,0.31406,12,1.314060446780552,0.9935316946959896
3580.TWO,2017-10-30,76.1,37.2,2017-10-18,1.045699,12,2.0456989247311825,0.9969814575247952
3593.TW,2018-10-29,10.6,6.58,2018-10-17,0.610942,12,1.6109422492401215,0.9922380336351876
3593.TW,2025-12-22,12.3,8.1,2025-12-10,0.518519,12,1.5185185185185186,0.9922380336351876
3629.TWO,2018-04-03,33.7,22.1,2018-03-26,0.524887,8,1.5248868778280544,0.7442863303147909
3632.TWO,2020-10-19,11.2,8.5,2020-10-06,0.317647,13,1.3176470588235294,0.9698145752479516
3686.TW,2019-11-25,5.09,1.67,2019-11-13,2.047904,12,3.0479041916167664,0.9935316946959896
3686.TW,2022-10-11,13.35,10.0,2022-09-28,0.335,13,1.335,0.9935316946959896
4154.TWO,2024-09-02,23.1,14.5,2024-08-22,0.593103,11,1.593103448275862,0.936179387667098
4198.TWO,2018-08-27,17.25,5.61,2018-08-15,2.074866,12,3.074866310160428,0.9370418283742992
4304.TWO,2018-09-07,7.0,5.13,2018-08-29,0.364522,9,1.364522417153996,0.9064251832686504
4414.TW,2021-12-01,7.37,11.1,2021-04-29,-0.336036,216,0.663963963963964,0.8115567054764985
4414.TW,2023-06-26,3.21,5.12,2022-04-29,-0.373047,423,0.626953125,0.8115567054764985
4414.TW,2025-07-14,11.25,3.17,2025-07-02,2.548896,12,3.548895899053628,0.8115567054764985
4419.TWO,2023-03-01,12.35,9.0,2023-02-15,0.372222,14,1.3722222222222222,0.6295817162570073
4804.TWO,2022-07-01,11.05,22.5,2022-04-29,-0.508889,63,0.4911111111111111,0.8305304010349288
4806.TWO,2025-10-07,15.5,7.54,2025-09-24,1.055703,13,2.055702917771883,0.8654592496765847
4903.TWO,2022-12-30,14.05,10.0,2022-12-21,0.405,9,1.405,0.9974126778783958
4930.TW,2022-03-28,38.5,27.7,2022-03-16,0.389892,12,1.3898916967509023,0.9965502371711944
4934.TW,2020-01-20,12.8,6.55,2020-01-08,0.954198,12,1.954198473282443,0.9969814575247952
4943.TW,2023-04-24,16.75,10.3,2023-04-12,0.626214,12,1.6262135922330097,0.9931004743423888
4946.TWO,2020-09-30,19.8,11.0,2020-09-22,0.8,8,1.8,0.98749460974558
4946.TWO,2024-09-30,46.4,33.8,2024-09-18,0.372781,12,1.3727810650887575,0.98749460974558
4950.TWO,2021-12-01,19.1,29.0,2021-04-29,-0.341379,216,0.6586206896551725,0.6778783958602846
4950.TWO,2024-09-05,7.32,21.0,2023-05-31,-0.651429,463,0.3485714285714286,0.6778783958602846
4950.TWO,2025-11-11,26.3,10.3,2025-11-03,1.553398,8,2.553398058252427,0.6778783958602846
4961.TW,2023-09-18,258.5,156.5,2023-09-06,0.651757,12,1.6517571884984026,0.8094006037084951
4994.TW,2023-10-11,60.2,40.95,2023-09-26,0.470085,15,1.47008547008547,0.9969814575247952
5227.TWO,2020-06-22,17.9,10.0,2020-06-10,0.79,12,1.7899999999999998,0.9879258300991808
5227.TWO,2021-06-28,19.0,10.7,2021-06-16,0.775701,12,1.7757009345794394,0.9879258300991808
5227.TWO,2021-12-13,73.4,43.5,2021-12-01,0.687356,12,1.6873563218390806,0.9879258300991808
5301.TWO,2020-08-28,14.75,9.98,2020-08-19,0.477956,9,1.4779559118236472,0.9844760672703752
5301.TWO,2025-11-12,13.4,6.41,2025-11-04,1.090484,8,2.090483619344774,0.9844760672703752
5309.TWO,2018-10-03,8.95,6.66,2018-09-25,0.343844,8,1.3438438438438438,0.9978438982319966
5310.TWO,2021-12-30,35.0,15.95,2021-12-22,1.194357,8,2.19435736677116,0.973695558430358
5314.TWO,2022-12-02,19.9,4.78,2022-11-23,3.16318,9,4.163179916317991,0.9538594221647262
5314.TWO,2025-03-31,75.8,1390.0,2025-03-19,-0.945468,12,0.0545323741007194,0.9538594221647262
5345.TWO,2019-10-01,7.09,3.93,2019-09-19,0.804071,12,1.8040712468193385,0.926261319534282
5348.TWO,2024-09-30,26.2,13.5,2024-09-18,0.940741,12,1.9407407407407409,0.8753773178094006
5381.TWO,2018-01-15,7.11,4.99,2018-01-03,0.42485,12,1.4248496993987976,0.9646399310047434
5468.TWO,2019-10-07,14.15,3.95,2019-09-25,2.582278,12,3.5822784810126582,0.9279862009486848
5475.TWO,2017-04-25,5.56,4.13,2017-04-12,0.346247,13,1.3462469733656173,0.9935316946959896
5475.TWO,2021-04-19,8.64,5.5,2021-04-07,0.570909,12,1.570909090909091,0.9935316946959896
5481.TWO,2024-09-02,23.45,13.45,2024-03-29,0.743494,157,1.7434944237918215,0.6942647692971108
5484.TW,2019-09-23,9.51,5.42,2019-09-11,0.754613,12,1.7546125461254611,0.9935316946959896
5484.TW,2021-11-08,18.5,13.8,2021-10-27,0.34058,12,1.3405797101449275,0.9935316946959896
5529.TWO,2019-11-11,8.76,6.52,2019-10-30,0.343558,12,1.343558282208589,0.9918068132815868
5529.TWO,2023-09-25,20.2,11.25,2023-09-13,0.795556,12,1.7955555555555556,0.9918068132815868
5608.TW,2019-02-25,10.4,7.21,2019-02-14,0.442441,11,1.4424410540915396,0.9974126778783958
5701.TWO,2023-04-26,8.55,3.62,2023-04-18,1.361878,8,2.361878453038674,0.9956877964639932
5906.TW,2018-06-19,20.3,10.95,2018-06-06,0.853881,13,1.853881278538813,0.9271237602414834
6121.TWO,2017-09-28,162.5,107.0,2017-09-13,0.518692,15,1.5186915887850467,0.9956877964639932
6134.TWO,2021-01-18,18.85,12.3,2021-01-06,0.53252,12,1.532520325203252,0.9961190168175936
6138.TWO,2018-10-01,72.3,53.6,2018-09-19,0.348881,12,1.3488805970149254,0.9974126778783958
6144.TWO,2020-09-21,12.8,6.12,2020-09-09,1.091503,12,2.0915032679738563,0.8244933160845191
6148.TWO,2018-10-01,8.74,6.46,2018-09-19,0.352941,12,1.3529411764705883,0.9939629150495904
6158.TWO,2019-10-07,36.7,24.75,2019-09-27,0.482828,10,1.482828282828283,0.9978438982319966
6169.TWO,2019-10-07,18.6,12.55,2019-09-25,0.482072,12,1.4820717131474104,0.9965502371711944
6219.TWO,2023-07-11,21.5,13.45,2023-07-03,0.598513,8,1.5985130111524164,0.9935316946959896
6222.TWO,2020-01-17,15.1,10.7,2020-01-08,0.411215,9,1.411214953271028,0.8702026735661923
6225.TW,2021-07-26,11.0,4.2,2021-07-14,1.619048,12,2.619047619047619,0.8969383354894351
6243.TW,2021-11-04,51.6,22.75,2021-10-27,1.268132,8,2.268131868131868,0.9978438982319966
6244.TWO,2020-09-28,37.3,24.5,2020-09-16,0.522449,12,1.5224489795918366,0.9969814575247952
6259.TWO,2020-09-21,15.55,2.34,2020-09-09,5.645299,12,6.645299145299146,0.9271237602414834
6271.TW,2020-11-30,198.5,139.0,2020-11-18,0.428058,12,1.4280575539568343,0.9844760672703752
6291.TWO,2017-09-15,4.8,2.91,2017-09-01,0.649485,14,1.649484536082474,0.8848641655886158
6291.TWO,2019-03-11,15.0,5.26,2019-02-25,1.851711,14,2.8517110266159698,0.8848641655886158
6291.TWO,2022-09-26,101.0,64.2,2022-09-14,0.573209,12,1.5732087227414329,0.8848641655886158
6443.TW,2019-07-01,9.28,6.12,2019-06-20,0.51634,11,1.5163398692810457,0.9974126778783958
6548.TWO,2022-09-05,36.65,90.6,2022-08-24,-0.595475,12,0.4045253863134658,0.9935316946959896
6613.TWO,2022-08-29,92.0,169.0,2022-08-17,-0.455621,12,0.5443786982248521,0.8930573523070289
8040.TWO,2019-10-21,15.3,11.3,2019-10-07,0.353982,14,1.3539823008849556,0.9965502371711944
8067.TWO,2017-12-06,8.4,5.4,2017-11-28,0.555556,8,1.5555555555555556,0.894351013367831
8067.TWO,2023-03-01,14.15,8.88,2023-02-15,0.593468,14,1.5934684684684683,0.894351013367831
8080.TWO,2021-01-11,10.7,3.9,2020-12-29,1.74359,13,2.743589743589744,0.7442863303147909
8080.TWO,2022-02-14,16.3,9.03,2022-01-25,0.805094,20,1.8050941306755264,0.7442863303147909
8091.TWO,2017-12-15,130.0,93.6,2017-12-06,0.388889,9,1.388888888888889,0.9969814575247952
8093.TWO,2022-09-05,10.8,8.03,2022-08-24,0.344956,12,1.3449564134495644,0.9905131522207848
8093.TWO,2026-01-12,20.8,13.0,2025-12-30,0.6,13,1.6,0.9905131522207848
8101.TW,2018-09-03,4.27,2.37,2018-08-24,0.801688,10,1.80168776371308,0.7158257869771453
8101.TW,2023-01-03,5.95,2.38,2022-04-29,1.5,249,2.5,0.7158257869771453
8101.TW,2024-11-19,10.45,3.86,2024-03-29,1.707254,235,2.7072538860103625,0.7158257869771453
8906.TWO,2019-01-14,16.4,10.7,2019-01-02,0.53271,12,1.5327102803738315,0.9292798620094868
8932.TWO,2024-09-09,82.8,169.5,2024-08-28,-0.511504,12,0.4884955752212389,0.977576541612764
8932.TWO,2026-03-09,89.8,199.5,2026-02-24,-0.549875,13,0.450125313283208,0.977576541612764
8933.TWO,2019-12-23,6.88,4.38,2019-12-11,0.570776,12,1.5707762557077625,0.9961190168175936
8935.TWO,2017-11-06,9.72,7.03,2017-10-23,0.382646,14,1.3826458036984353,0.9939629150495904
9945.TW,2018-10-08,50.5,35.75,2018-09-26,0.412587,12,1.4125874125874125,0.9939629150495904
